{"itemChildren" :[
    {
        "itemID": "1",
        "itemsVersionsID": "1",
        "name": "Rule 1",
        "id": "1",
        "validity": "2023-01-02",
        "versionNumber": 8,        
        "versionDetailL0": [
            {
                "itemTypeKey": "FIELD",
                "itemTypeValue": "DESCRIZIONE_ITEM",
                "data": "Rule 1 Desc",
                "versionDetailLevel0ID": 1
            },
            {
                "itemTypeKey": "VERSION_DETAIL_LEVEL_1",
                "itemTypeValue": "REGOLA_CONDIZIONE",
                "data": 1,
                "versionDetailLevel0ID": 1,
                "versionDetailL1": [
                    {
                        "itemTypeKey": "FIELD",
                        "itemTypeValue": "NUMERO_CAMPO_FILE_INDICE",
                        "data": "Col1",
                        "versionDetailLevel1ID": 1
                    },
                    {
                        "itemTypeKey": "FIELD",
                        "itemTypeValue": "RULE_CONDITION_OPERATOR",
                        "data": "1",
                        "versionDetailLevel1ID": 1
                    },
                    {
                        "itemTypeKey": "FIELD",
                        "itemTypeValue": "VALORE",
                        "data": "desc1",
                        "versionDetailLevel1ID": 1
                    },
                    {
                        "itemTypeKey": "FIELD",
                        "itemTypeValue": "ASSOCIATO_A_RIGA",
                        "data": "2",
                        "versionDetailLevel1ID": 1
                    }
                ]
            },
            {
                "itemTypeKey": "VERSION_DETAIL_LEVEL_1",
                "itemTypeValue": "REGOLA_CONDIZIONE",
                "data": 2,
                "versionDetailLevel0ID": 1,
                "versionDetailL1": [
                    {
                        "itemTypeKey": "FIELD",
                        "itemTypeValue": "NUMERO_CAMPO_FILE_INDICE",
                        "data": "Col2",
                        "versionDetailLevel1ID": 1
                    },
                    {
                        "itemTypeKey": "FIELD",
                        "itemTypeValue": "RULE_CONDITION_OPERATOR",
                        "data": "2",
                        "versionDetailLevel1ID": 1
                    },
                    {
                        "itemTypeKey": "FIELD",
                        "itemTypeValue": "VALORE",
                        "data": "desc1",
                        "versionDetailLevel1ID": 1
                    },
                    {
                        "itemTypeKey": "FIELD",
                        "itemTypeValue": "ASSOCIATO_A_RIGA",
                        "data": "1",
                        "versionDetailLevel1ID": 1
                    }
                ]
            },
            {
                "itemTypeKey": "VERSION_DETAIL_LEVEL_1",
                "itemTypeValue": "REGOLA_AZIONE",
                "data": 3,
                "versionDetailLevel0ID": 1,
                "versionDetailL1": [
                    {
                        "itemTypeKey": "FIELD",
                        "itemTypeValue": "COLONNA_ID",
                        "data": 3,
                        "versionDetailLevel1ID": 1
                    },
                    {
                        "itemTypeKey": "FIELD",
                        "itemTypeValue": "DESCRIZIONE_IN_STAMPA",
                        "data": "123",
                        "versionDetailLevel1ID": 1
                    },
                    {
                        "itemTypeKey": "FIELD",
                        "itemTypeValue": "VISIBLE",
                        "data": false,
                        "versionDetailLevel1ID": 1
                    },
                    {
                        "itemTypeKey": "FIELD",
                        "itemTypeValue": "BOLD",
                        "data": true,
                        "versionDetailLevel1ID": 1
                    },
                    {
                        "itemTypeKey": "FIELD",
                        "itemTypeValue": "ITALIC",
                        "data": false,
                        "versionDetailLevel1ID": 1
                    }
                ]
            },
            {
                "itemTypeKey": "VERSION_DETAIL_LEVEL_1",
                "itemTypeValue": "REGOLA_AZIONE",
                "data": 2,
                "versionDetailLevel0ID": 1,
                "versionDetailL1": [
                    {
                        "itemTypeKey": "FIELD",
                        "itemTypeValue": "COLONNA_ID",
                        "data": 4,
                        "versionDetailLevel1ID": 1
                    },
                    {
                        "itemTypeKey": "FIELD",
                        "itemTypeValue": "DESCRIZIONE_IN_STAMPA",
                        "data": "1456",
                        "versionDetailLevel1ID": 1
                    },
                    {
                        "itemTypeKey": "FIELD",
                        "itemTypeValue": "VISIBLE",
                        "data": true,
                        "versionDetailLevel1ID": 1
                    },
                    {
                        "itemTypeKey": "FIELD",
                        "itemTypeValue": "BOLD",
                        "data": false,
                        "versionDetailLevel1ID": 1
                    },
                    {
                        "itemTypeKey": "FIELD",
                        "itemTypeValue": "ITALIC",
                        "data": true,
                        "versionDetailLevel1ID": 1
                    }
                ]
            }
        ]
    },
    {
        "itemID": "2",
        "itemsVersionsID": "2",
        "name": "Rule 2",
        "id": "2",
        "validity": "2023-01-02",
        "versionNumber": 5,        
        "versionDetailL0": [
            {
                "itemTypeKey": "FIELD",
                "itemTypeValue": "DESCRIZIONE_ITEM",
                "data": "Rule 2 Desc"
            },
            {
                "itemTypeKey": "VERSION_DETAIL_LEVEL_1",
                "itemTypeValue": "REGOLA_CONDIZIONE",
                "data": 1,
                "versionDetailLevel0ID": 1,
                "versionDetailL1": [
                    {
                        "itemTypeKey": "FIELD",
                        "itemTypeValue": "NUMERO_CAMPO_FILE_INDICE",
                        "data": "Col1"
                    },
                    {
                        "itemTypeKey": "FIELD",
                        "itemTypeValue": "RULE_CONDITION_OPERATOR",
                        "data": "1",
                        "versionDetailLevel1ID": 1
                    },
                    {
                        "itemTypeKey": "FIELD",
                        "itemTypeValue": "VALORE",
                        "data": "desc1"
                    },
                    {
                        "itemTypeKey": "FIELD",
                        "itemTypeValue": "ASSOCIATO_A_RIGA",
                        "data": "2"
                    }
                ]
            },
            {
                "itemTypeKey": "VERSION_DETAIL_LEVEL_1",
                "itemTypeValue": "REGOLA_CONDIZIONE",
                "data": 2,
                "versionDetailLevel0ID": 1,
                "versionDetailL1": [
                    {
                        "itemTypeKey": "FIELD",
                        "itemTypeValue": "NUMERO_CAMPO_FILE_INDICE",
                        "data": "Col2"
                    },
                    {
                        "itemTypeKey": "FIELD",
                        "itemTypeValue": "RULE_CONDITION_OPERATOR",
                        "data": "2",
                        "versionDetailLevel1ID": 1
                    },
                    {
                        "itemTypeKey": "FIELD",
                        "itemTypeValue": "VALORE",
                        "data": "desc1"
                    },
                    {
                        "itemTypeKey": "FIELD",
                        "itemTypeValue": "ASSOCIATO_A_RIGA",
                        "data": "1"
                    }
                ]
            },
            {
                "itemTypeKey": "VERSION_DETAIL_LEVEL_1",
                "itemTypeValue": "REGOLA_AZIONE",
                "data": 3,
                "versionDetailLevel0ID": 1,
                "versionDetailL1": [
                    {
                        "itemTypeKey": "FIELD",
                        "itemTypeValue": "COLONNA_ID",
                        "data": 3,
                        "versionDetailLevel1ID": 1
                    },
                    {
                        "itemTypeKey": "FIELD",
                        "itemTypeValue": "DESCRIZIONE_IN_STAMPA",
                        "data": "123"
                    },
                    {
                        "itemTypeKey": "FIELD",
                        "itemTypeValue": "VISIBLE",
                        "data": false
                    },
                    {
                        "itemTypeKey": "FIELD",
                        "itemTypeValue": "BOLD",
                        "data": true
                    },
                    {
                        "itemTypeKey": "FIELD",
                        "itemTypeValue": "ITALIC",
                        "data": false
                    }
                ]
            },
            {
                "itemTypeKey": "VERSION_DETAIL_LEVEL_1",
                "itemTypeValue": "REGOLA_AZIONE",
                "data": 2,
                "versionDetailLevel0ID": 1,
                "versionDetailL1": [
                    {
                        "itemTypeKey": "FIELD",
                        "itemTypeValue": "COLONNA_ID",
                        "data": 4,
                        "versionDetailLevel1ID": 1
                    },
                    {
                        "itemTypeKey": "FIELD",
                        "itemTypeValue": "DESCRIZIONE_IN_STAMPA",
                        "data": "1456"
                    },
                    {
                        "itemTypeKey": "FIELD",
                        "itemTypeValue": "VISIBLE",
                        "data": true
                    },
                    {
                        "itemTypeKey": "FIELD",
                        "itemTypeValue": "BOLD",
                        "data": false
                    },
                    {
                        "itemTypeKey": "FIELD",
                        "itemTypeValue": "ITALIC",
                        "data": true
                    }
                ]
            }
        ]
    }
]
}