{
    "itemID": "1",
    "itemsVersionsID": "98",
    "name": "Rule 1",
    "id": "1",
    "validity": "2023-01-02",
    "versionNumber": 8,        
    "versionDetailL0": [
        {
            "itemTypeKey": "FIELD",
            "itemTypeValue": "DESCRIZIONE_ITEM",
            "data": "Rule 1 Desc",
            "versionDetailLevel0ID": 1
        },
        {
            "itemTypeKey": "VERSION_DETAIL_LEVEL_1",
            "itemTypeValue": "REGOLA_CONDIZIONE",
            "data": 1,
            "versionDetailLevel0ID": 2,
            "versionDetailL1": [
                {
                    "itemTypeKey": "FIELD",
                    "itemTypeValue": "NUMERO_CAMPO_FILE_INDICE",
                    "data": "Col1",
                    "versionDetailLevel1ID": 40
                },
                {
                    "itemTypeKey": "FIELD",
                    "itemTypeValue": "RULE_CONDITION_OPERATOR",
                    "data": "43",
                    "versionDetailLevel1ID": 43
                },
                {
                    "itemTypeKey": "FIELD",
                    "itemTypeValue": "VALORE",
                    "data": "desc1",
                    "versionDetailLevel1ID": 3
                },
                {
                    "itemTypeKey": "FIELD",
                    "itemTypeValue": "ASSOCIATO_A_RIGA",
                    "data": "2",
                    "versionDetailLevel1ID": 46
                }
            ]
        },
        {
            "itemTypeKey": "VERSION_DETAIL_LEVEL_1",
            "itemTypeValue": "REGOLA_CONDIZIONE",
            "data": 2,
            "versionDetailLevel0ID": 4,
            "versionDetailL1": [
                {
                    "itemTypeKey": "FIELD",
                    "itemTypeValue": "NUMERO_CAMPO_FILE_INDICE",
                    "data": "Col2",
                    "versionDetailLevel1ID": 39
                },
                {
                    "itemTypeKey": "FIELD",
                    "itemTypeValue": "RULE_CONDITION_OPERATOR",
                    "data": "42",
                    "versionDetailLevel1ID": 42
                },
                {
                    "itemTypeKey": "FIELD",
                    "itemTypeValue": "VALORE",
                    "data": "desc1",
                    "versionDetailLevel1ID": 5
                },
                {
                    "itemTypeKey": "FIELD",
                    "itemTypeValue": "ASSOCIATO_A_RIGA",
                    "data": "1",
                    "versionDetailLevel1ID": 45
                }
            ]
        },
        {
            "itemTypeKey": "VERSION_DETAIL_LEVEL_1",
            "itemTypeValue": "REGOLA_AZIONE",
            "data": 199,
            "versionDetailLevel0ID": 6,
            "versionDetailL1": [
                {
                    "itemTypeKey": "FIELD",
                    "itemTypeValue": "COLONNA_ID",
                    "data": "6",
                    "versionDetailLevel1ID": 7
                },
                {
                    "itemTypeKey": "FIELD",
                    "itemTypeValue": "DESCRIZIONE_IN_STAMPA",
                    "data": "123",
                    "versionDetailLevel1ID": 8
                },
                {
                    "itemTypeKey": "FIELD",
                    "itemTypeValue": "SI_APPLICA_A",
                    "data": "33",
                    "versionDetailLevel1ID": 33
                },
                {
                    "itemTypeKey": "FIELD",
                    "itemTypeValue": "VISIBLE",
                    "data": false,
                    "versionDetailLevel1ID": 9
                },
                {
                    "itemTypeKey": "FIELD",
                    "itemTypeValue": "BOLD",
                    "data": true,
                    "versionDetailLevel1ID": 10
                },
                {
                    "itemTypeKey": "FIELD",
                    "itemTypeValue": "ITALIC",
                    "data": false,
                    "versionDetailLevel1ID": 11
                }
            ]
        },
        {
            "itemTypeKey": "VERSION_DETAIL_LEVEL_1",
            "itemTypeValue": "REGOLA_AZIONE",
            "data": 98,
            "versionDetailLevel0ID": 6,
            "versionDetailL1": [
                {
                    "itemTypeKey": "FIELD",
                    "itemTypeValue": "SI_APPLICA_A",
                    "data": 34,
                    "versionDetailLevel1ID": 34
                },
                {
                    "itemTypeKey": "FIELD",
                    "itemTypeValue": "DESCRIZIONE_IN_STAMPA",
                    "data": "",
                    "versionDetailLevel1ID": 12
                },
                {
                    "itemTypeKey": "FIELD",
                    "itemTypeValue": "VISIBLE",
                    "data": true,
                    "versionDetailLevel1ID": 13
                },
                {
                    "itemTypeKey": "FIELD",
                    "itemTypeValue": "BOLD",
                    "data": false,
                    "versionDetailLevel1ID": 14
                },
                {
                    "itemTypeKey": "FIELD",
                    "itemTypeValue": "ITALIC",
                    "data": true,
                    "versionDetailLevel1ID": 15
                }
            ]
        }
    ]
}