{"lookupRulesList" : [
    {
        "name": "Rule 1",
        "itemsVersionsID": 1,
        "lookupDataID": 33
    },
    {
        "name": "Rule 2",
        "itemsVersionsID": 2,
        "lookupDataID": 34
    },
    {
        "name": "Rule 3",
        "itemsVersionsID": 3,
        "lookupDataID": 35
    },
    {
        "name": "Rule 4",
        "itemsVersionsID": 4,
        "lookupDataID": 36
    },
    {
        "name": "Rule 5",
        "itemsVersionsID": 5,
        "lookupDataID": 33
    },
    {
        "name": "Rule 6",
        "itemsVersionsID": 6,
        "lookupDataID": 34
    },
    {
        "name": "Rule 7",
        "itemsVersionsID": 7,
        "lookupDataID": 35
    },
    {
        "name": "Rule 8",
        "itemsVersionsID": 8,
        "lookupDataID": 36
    },
    {
        "name": "Rule 9",
        "itemsVersionsID": 9,
        "lookupDataID": 33
    },
    {
        "name": "Rule 10",
        "itemsVersionsID": 10,
        "lookupDataID": 34
    },
    {
        "name": "Rule 11",
        "itemsVersionsID": 11,
        "lookupDataID": 35
    },
    {
        "name": "Rule 12",
        "itemsVersionsID": 12,
        "lookupDataID": 36
    }
]
}