{"itemsList" : [
    {
        "itemID": "198",
        "itemsVersionsID": "198",
        "name": "Condizioni economiche",
        "id": "198",
        "validity": "2023-01-02",
        "versionNumber": 1,        
        "versionDetailL0": [
            {
                "itemTypeKey": "FIELD",
                "itemTypeValue": "STILE",
                "data": "style 2",
                "versionDetailLevel0ID": "2"
            },
            {
                "itemTypeKey": "VERSION_DETAIL_LEVEL_1",
                "itemTypeValue": "DETTAGLIO_RIGA",
                "data": "Col1",
                "versionDetailLevel0ID": "1",
                "versionDetailL1": [
                    {
                        "itemTypeKey": "FIELD",
                        "itemTypeValue": "DESCRIZIONE_IN_STAMPA",
                        "data": "desc1",
                        "versionDetailLevel1ID": "1"
                    },
                    {
                        "itemTypeKey": "FIELD",
                        "itemTypeValue": "BOLD",
                        "data": true,
                        "versionDetailLevel1ID": "1"
                    },
                    {
                        "itemTypeKey": "FIELD",
                        "itemTypeValue": "ITALIC",
                        "data": false,
                        "versionDetailLevel1ID": "1"
                    },
                    {
                        "itemTypeKey": "VERSION_DETAIL_LEVEL_2",
                        "itemTypeValue": "DETTAGLIO_NOTA",
                        "data": 1,
                        "versionDetailLevel1ID": "1",
                        "versionDetailL2": [
                            {
                                "itemTypeKey": "FIELD",
                                "itemTypeValue": "ID_NOTA",
                                "data": "Nota sulla riga",
                                "versionDetailLevel2ID": "765"
                            }
                        ]
                    }
                ]
            },
            {
                "itemTypeKey": "VERSION_DETAIL_LEVEL_1",
                "itemTypeValue": "DETTAGLIO_RIGA",
                "data": "Col2",
                "versionDetailLevel0ID": "2",
                "versionDetailL1": [
                    {
                        "itemTypeKey": "FIELD",
                        "itemTypeValue": "DESCRIZIONE_IN_STAMPA",
                        "data": "desc2",
                        "versionDetailLevel1ID": "1"
                    },
                    {
                        "itemTypeKey": "FIELD",
                        "itemTypeValue": "BOLD",
                        "data": false,
                        "versionDetailLevel1ID": "1"
                    },
                    {
                        "itemTypeKey": "FIELD",
                        "itemTypeValue": "ITALIC",
                        "data": true,
                        "versionDetailLevel1ID": "1"
                    },
                    {
                        "itemTypeKey": "VERSION_DETAIL_LEVEL_2",
                        "itemTypeValue": "DETTAGLIO_NOTA",
                        "data": 2,
                        "versionDetailLevel1ID": "1",
                        "versionDetailL2": [
                            {
                                "itemTypeKey": "FIELD",
                                "itemTypeValue": "ID_NOTA",
                                "data": "Nota sulla riga",
                                "versionDetailLevel2ID": "798"
                            }
                        ]
                    }
                ]
            }
        ]
    },
    {
        "itemID": "199",
        "itemsVersionsID": "199",
        "name": "Condizioni economiche",
        "validity": "2023-01-02",
        "id": "199",
        "versionNumber": 2,        
        "versionDetailL0": [
            {
                "itemTypeKey": "FIELD",
                "itemTypeValue": "STILE",
                "data": "style 1",
                "versionDetailLevel0ID": "1"
            },
            {
                "itemTypeKey": "VERSION_DETAIL_LEVEL_1",
                "itemTypeValue": "DETTAGLIO_RIGA",
                "data": "Col1",
                "versionDetailLevel0ID": "1",
                "versionDetailL1": [
                    {
                        "itemTypeKey": "FIELD",
                        "itemTypeValue": "DESCRIZIONE_IN_STAMPA",
                        "data": "desc1",
                        "versionDetailLevel1ID": "1"
                    },
                    {
                        "itemTypeKey": "FIELD",
                        "itemTypeValue": "BOLD",
                        "data": true,
                        "versionDetailLevel1ID": "1"
                    },
                    {
                        "itemTypeKey": "FIELD",
                        "itemTypeValue": "ITALIC",
                        "data": false,
                        "versionDetailLevel1ID": "1"
                    },
                    {
                        "itemTypeKey": "VERSION_DETAIL_LEVEL_2",
                        "itemTypeValue": "DETTAGLIO_NOTA",
                        "data": 1,
                        "versionDetailLevel1ID": "1",
                        "versionDetailL2": [
                            {
                                "itemTypeKey": "FIELD",
                                "itemTypeValue": "ID_NOTA",
                                "data": "note5",
                                "versionDetailLevel2ID": "122"
                            }
                        ]
                    }
                ]
            },
            {
                "itemTypeKey": "VERSION_DETAIL_LEVEL_1",
                "itemTypeValue": "DETTAGLIO_RIGA",
                "data": "Col2",
                "versionDetailLevel0ID": "2",
                "versionDetailL1": [
                    {
                        "itemTypeKey": "FIELD",
                        "itemTypeValue": "DESCRIZIONE_IN_STAMPA",
                        "data": "desc2",
                        "versionDetailLevel1ID": "1"
                    },
                    {
                        "itemTypeKey": "FIELD",
                        "itemTypeValue": "BOLD",
                        "data": false,
                        "versionDetailLevel1ID": "1"
                    },
                    {
                        "itemTypeKey": "FIELD",
                        "itemTypeValue": "ITALIC",
                        "data": true,
                        "versionDetailLevel1ID": "1"
                    },
                    {
                        "itemTypeKey": "VERSION_DETAIL_LEVEL_2",
                        "itemTypeValue": "DETTAGLIO_NOTA",
                        "data": 2,
                        "versionDetailLevel1ID": "1",
                        "versionDetailL2": [
                            {
                                "itemTypeKey": "FIELD",
                                "itemTypeValue": "ID_NOTA",
                                "data": "note6",
                                "versionDetailLevel2ID": "123"
                            }
                        ]
                    }
                ]
            }
        ]
    },
    {
        "itemID": "230",
        "itemsVersionsID": "230",
        "name": "Condizioni economiche",
        "validity": "2023-01-02",
        "id": "230",
        "versionNumber": 3,        
        "versionDetailL0": [
            {
                "itemTypeKey": "FIELD",
                "itemTypeValue": "STILE",
                "data": "style 1",
                "versionDetailLevel0ID": "1"
            }
        ]
    },
    {
        "itemID": "231",
        "itemsVersionsID": "231",
        "name": "Condizioni economiche",
        "validity": "2023-01-02",
        "id": "231",
        "versionNumber": 4,        
        "versionDetailL0": [
            {
                "itemTypeKey": "FIELD",
                "itemTypeValue": "STILE",
                "data": "style 1",
                "versionDetailLevel0ID": "1"
            }
        ]
    }
]
}