{"itemChildren" :[
    {   "itemID": "198",
        "itemTypeKey": "DOCUMENT_TYPE",
        "itemTypeValue": "RIGA",
        "name": "Condizioni economiche1",
        "itemsVersionsID": "198",
        "validity": "2023-01-02",
        "versionNumber": 4,
        "versionDetailL0": [
            {
                "itemTypeKey": "FIELD",
                "itemTypeValue": "STILE",
                "data": "style 2",
                "versionDetailLevel0ID": "32"
            },
            {
                "itemTypeKey": "VERSION_DETAIL_LEVEL_1",
                "itemTypeValue": "DETTAGLIO_RIGA",
                "data": "Col1",
                "versionDetailLevel0ID": "1",
                "versionDetailL1": [
                    {
                        "itemTypeKey": "FIELD",
                        "itemTypeValue": "DESCRIZIONE_IN_STAMPA",
                        "data": "desc1",
                        "versionDetailLevel1ID": "1"
                    },
                    {
                        "itemTypeKey": "FIELD",
                        "itemTypeValue": "BOLD",
                        "data": true,
                        "versionDetailLevel1ID": "1"
                    },
                    {
                        "itemTypeKey": "FIELD",
                        "itemTypeValue": "ITALIC",
                        "data": false,
                        "versionDetailLevel1ID": "1"
                    },
                    {
                        "itemTypeKey": "VERSION_DETAIL_LEVEL_2",
                        "itemTypeValue": "DETTAGLIO_NOTA",
                        "data": 1,
                        "versionDetailLevel1ID": "1",
                        "versionDetailL2": [
                            {
                                "itemTypeKey": "FIELD",
                                "itemTypeValue": "itemsVersionsID_NOTA",
                                "data": "765",
                                "versionDetailLevel2ID": "1"
                            }
                        ]
                    }
                ]
            },
            {
                "itemTypeKey": "VERSION_DETAIL_LEVEL_1",
                "itemTypeValue": "DETTAGLIO_RIGA",
                "data": "Col2",
                "versionDetailLevel0ID": "1",
                "versionDetailL1": [
                    {
                        "itemTypeKey": "FIELD",
                        "itemTypeValue": "DESCRIZIONE_IN_STAMPA",
                        "data": "desc2",
                        "versionDetailLevel1ID": "1"
                    },
                    {
                        "itemTypeKey": "FIELD",
                        "itemTypeValue": "BOLD",
                        "data": false,
                        "versionDetailLevel1ID": "1"
                    },
                    {
                        "itemTypeKey": "FIELD",
                        "itemTypeValue": "ITALIC",
                        "data": true,
                        "versionDetailLevel1ID": "1"
                    },
                    {
                        "itemTypeKey": "VERSION_DETAIL_LEVEL_2",
                        "itemTypeValue": "DETTAGLIO_NOTA",
                        "data": 2,
                        "versionDetailLevel1ID": "1",
                        "versionDetailL2": [
                            {
                                "itemTypeKey": "FIELD",
                                "itemTypeValue": "itemsVersionsID_NOTA",
                                "data": "798",
                                "versionDetailLevel2ID": "1"
                            }
                        ]
                    }
                ]
            }
        ]
    },
    {   "itemID": "199",
        "itemTypeKey": "DOCUMENT_TYPE",
        "itemTypeValue": "RIGA",
        "name": "Condizioni economiche2",
        "itemsVersionsID": "199",
        "validity": "2023-01-02",
        "versionNumber": 2,
        "versionDetailL0": [
            {
                "itemTypeKey": "FIELD",
                "itemTypeValue": "STILE",
                "data": "style 1",
                "versionDetailLevel0ID": "1"
            },
            {
                "itemTypeKey": "VERSION_DETAIL_LEVEL_1",
                "itemTypeValue": "DETTAGLIO_RIGA",
                "data": "Col1",
                "versionDetailLevel1ID": "1",
                "versionDetailL1": [
                    {
                        "itemTypeKey": "FIELD",
                        "itemTypeValue": "DESCRIZIONE_IN_STAMPA",
                        "data": "desc1"
                    },
                    {
                        "itemTypeKey": "FIELD",
                        "itemTypeValue": "BOLD",
                        "data": true
                    },
                    {
                        "itemTypeKey": "FIELD",
                        "itemTypeValue": "ITALIC",
                        "data": false
                    },
                    {
                        "itemTypeKey": "VERSION_DETAIL_LEVEL_2",
                        "itemTypeValue": "DETTAGLIO_NOTA",
                        "data": 1,
                        "versionDetailL2": [
                            {
                                "itemTypeKey": "FIELD",
                                "itemTypeValue": "itemsVersionsID_NOTA",
                                "data": "122"
                            }
                        ]
                    }
                ]
            },
            {
                "itemTypeKey": "VERSION_DETAIL_LEVEL_1",
                "itemTypeValue": "DETTAGLIO_RIGA",
                "data": "Col2",
                "versionDetailLevel1ID": "1",
                "versionDetailL1": [
                    {
                        "itemTypeKey": "FIELD",
                        "itemTypeValue": "DESCRIZIONE_IN_STAMPA",
                        "data": "desc2"
                    },
                    {
                        "itemTypeKey": "FIELD",
                        "itemTypeValue": "BOLD",
                        "data": false
                    },
                    {
                        "itemTypeKey": "FIELD",
                        "itemTypeValue": "ITALIC",
                        "data": true
                    },
                    {
                        "itemTypeKey": "VERSION_DETAIL_LEVEL_2",
                        "itemTypeValue": "DETTAGLIO_NOTA",
                        "data": 2,
                        "versionDetailL2": [
                            {
                                "itemTypeKey": "FIELD",
                                "itemTypeValue": "itemsVersionsID_NOTA",
                                "data": "123"
                            }
                        ]
                    }
                ]
            }
        ]
    }
]
}