{"itemsList" : [
    {
        "itemID": "40",
        "itemsVersionsID": "40",
        "name": "Subsection condizioni economiche Q4",
        "validity": "2023-01-02",
        "versionNumber": 4,
        "versionDetailL0": [
            {
                "itemTypeKey": "FIELD",
                "itemTypeValue": "DESCRIZIONE_IN_STAMPA",
                "data": "Sotto sezione condizioni",
                "versionDetailLevel0ID": 2
            },
            {
                "itemTypeKey": "FIELD",
                "itemTypeValue": "STILE",
                "data": "style 2",
                "versionDetailLevel0ID": 2
            }
        ],
        "itemChildren": [
            {
                "itemID": "198",
                "itemOrder": 1,
                "itemsVersionsID": "198",
                "name": "Condizioni economiche1"
            },
            {
                "itemID": "199",
                "itemOrder": 2,
                "itemsVersionsID": "199",
                "name": "Condizioni economiche2"
            }
        ]
    },
    {
        "itemID": "41",
        "itemsVersionsID": "41",
        "name": "Subsection estratto conto",
        "validity": "2023-01-02",
        "versionNumber": 8,        
        "versionDetailL0": [
            {
                "itemTypeKey": "FIELD",
                "itemTypeValue": "DESCRIZIONE_IN_STAMPA",
                "data": "Sotto sezione estratto",
                "versionDetailLevel0ID": 2
            },
            {
                "itemTypeKey": "FIELD",
                "itemTypeValue": "STILE",
                "data": "style 2",
                "versionDetailLevel0ID": 2
            }
        ],
        "itemChildren": [
            {
                "itemID": "230",
                "itemOrder": 1,
                "itemsVersionsID": "230",
                "name": "Condizioni economiche3"
            },
            {
                "itemID": "231",
                "itemOrder": 2,
                "itemsVersionsID": "231",
                "name": "Condizioni economiche4"
            }
        ]
    },
    {
        "itemID": "50",
        "itemsVersionsID": "50",
        "name": "Subsection condizioni economiche Q4",
        "validity": "2023-01-02",
        "versionNumber": 4,
        "versionDetailL0": [
            {
                "itemTypeKey": "FIELD",
                "itemTypeValue": "DESCRIZIONE_IN_STAMPA",
                "data": "Sotto sezione condizioni",
                "versionDetailLevel0ID": 2
            },
            {
                "itemTypeKey": "FIELD",
                "itemTypeValue": "STILE",
                "data": "style 2",
                "versionDetailLevel0ID": 2
            }
        ],
        "itemChildren": []
    },
    {
        "itemID": "51",
        "itemsVersionsID": "51",
        "name": "Subsection estratto conto",
        "validity": "2023-01-02",
        "versionNumber": 7,        
        "versionDetailL0": [
            {
                "itemTypeKey": "FIELD",
                "itemTypeValue": "DESCRIZIONE_IN_STAMPA",
                "data": "Sotto sezione estratto",
                "versionDetailLevel0ID": 2
            },
            {
                "itemTypeKey": "FIELD",
                "itemTypeValue": "STILE",
                "data": "style 2",
                "versionDetailLevel0ID": 2
            }
        ],
        "itemChildren": []
    },
    {
        "itemID": "60",
        "itemsVersionsID": "60",
        "name": "Subsection condizioni economiche Q4",
        "validity": "2023-01-02",
        "versionNumber": 6,        
        "versionDetailL0": [
            {
                "itemTypeKey": "FIELD",
                "itemTypeValue": "DESCRIZIONE_IN_STAMPA",
                "data": "Sotto sezione condizioni",
                "versionDetailLevel0ID": 2
            },
            {
                "itemTypeKey": "FIELD",
                "itemTypeValue": "STILE",
                "data": "style 2",
                "versionDetailLevel0ID": 2
            }
        ],
        "itemChildren": []
    },
    {
        "itemID": "61",
        "itemsVersionsID": "61",
        "name": "Subsection estratto conto",
        "validity": "2023-01-02",
        "versionNumber": 11,        
        "versionDetailL0": [
            {
                "itemTypeKey": "FIELD",
                "itemTypeValue": "DESCRIZIONE_IN_STAMPA",
                "data": "Sotto sezione estratto",
                "versionDetailLevel0ID": 2
            },
            {
                "itemTypeKey": "FIELD",
                "itemTypeValue": "STILE",
                "data": "style 2",
                "versionDetailLevel0ID": 2
            }
        ],
        "itemChildren": []
    },
    {
        "itemID": "90",
        "itemsVersionsID": "90",
        "name": "Subsection condizioni economiche Q4",
        "validity": "2023-01-02",
        "versionNumber": 12,        
        "versionDetailL0": [
            {
                "itemTypeKey": "FIELD",
                "itemTypeValue": "DESCRIZIONE_IN_STAMPA",
                "data": "Sotto sezione condizioni",
                "versionDetailLevel0ID": 2
            },
            {
                "itemTypeKey": "FIELD",
                "itemTypeValue": "STILE",
                "data": "style 2",
                "versionDetailLevel0ID": 2
            }
        ],
        "itemChildren": []
    },
    {
        "itemID": "91",
        "itemsVersionsID": "91",
        "name": "Subsection estratto conto",
        "validity": "2023-01-02",
        "versionNumber": 13,        
        "versionDetailL0": [
            {
                "itemTypeKey": "FIELD",
                "itemTypeValue": "DESCRIZIONE_IN_STAMPA",
                "data": "Sotto sezione estratto",
                "versionDetailLevel0ID": 2
            },
            {
                "itemTypeKey": "FIELD",
                "itemTypeValue": "STILE",
                "data": "style 2",
                "versionDetailLevel0ID": 2
            }
        ],
        "itemChildren": []
    },
    {
        "itemID": "100",
        "itemsVersionsID": "100",
        "name": "Subsection condizioni economiche Q4",
        "validity": "2023-01-02",
        "versionNumber": 14,        
        "versionDetailL0": [
            {
                "itemTypeKey": "FIELD",
                "itemTypeValue": "DESCRIZIONE_IN_STAMPA",
                "data": "Sotto sezione condizioni",
                "versionDetailLevel0ID": 2
            },
            {
                "itemTypeKey": "FIELD",
                "itemTypeValue": "STILE",
                "data": "style 2",
                "versionDetailLevel0ID": 2
            }
        ],
        "itemChildren": []
    },
    {
        "itemID": "101",
        "itemsVersionsID": "101",
        "name": "Subsection estratto conto",
        "validity": "2023-01-02",
        "versionNumber": 15,        
        "versionDetailL0": [
            {
                "itemTypeKey": "FIELD",
                "itemTypeValue": "DESCRIZIONE_IN_STAMPA",
                "data": "Sotto sezione estratto",
                "versionDetailLevel0ID": 2
            },
            {
                "itemTypeKey": "FIELD",
                "itemTypeValue": "STILE",
                "data": "style 2",
                "versionDetailLevel0ID": 2
            }
        ],
        "itemChildren": []
    }
]
}