{"itemChildren" : [
    {   "itemID": "40",
        "itemTypeKey": "DOCUMENT_TYPE",
        "itemTypeValue": "SOTTOSEZIONE",
        "name": "Subsection condizioni economiche Q4",
        "itemsVersionsID": "40",
        "validity": "2023-01-02",
        "versionNumber": 4,
        "versionDetailL0": [
            {
                "itemTypeKey": "FIELD",
                "itemTypeValue": "DESCRIZIONE_IN_STAMPA",
                "data": "Sotto sezione condizioni",
                "versionDetailLevel0ID": 2
            },
            {
                "itemTypeKey": "FIELD",
                "itemTypeValue": "STILE",
                "data": "style 2",
                "versionDetailLevel0ID": 2
            }
        ],
        "itemChildren": [
            {
                "itemOrder": 1,
                "itemsVersionsID": "198"
            },
            {
                "itemOrder": 2,
                "itemsVersionsID": "199"
            }
        ]
    },
    {   "itemID": "41",
        "itemTypeKey": "DOCUMENT_TYPE",
        "itemTypeValue": "SOTTOSEZIONE",
        "name": "Subsection estratto conto",
        "itemsVersionsID": "41",
        "validity": "2023-01-02",
        "versionNumber": 3,
        "versionDetailL0": [
            {
                "itemTypeKey": "FIELD",
                "itemTypeValue": "DESCRIZIONE_IN_STAMPA",
                "data": "Sotto sezione estratto",
                "versionDetailLevel0ID": 2
            },
            {
                "itemTypeKey": "FIELD",
                "itemTypeValue": "STILE",
                "data": "style 2",
                "versionDetailLevel0ID": 2
            }
        ],
        "itemChildren": [
            {
                "itemOrder": 1,
                "itemsVersionsID": "230"
            },
            {
                "itemOrder": 2,
                "itemsVersionsID": "231"
            }
        ]
    }
]
}