{
    "itemID": "40",
    "itemsVersionsID": "98",
    "name": "Subsection condizioni economiche Q4",
    "versionNumber": 16,
    "validity": "2023-01-02",
    "versionDetailL0": [
        {
            "itemTypeKey": "FIELD",
            "itemTypeValue": "DESCRIZIONE_IN_STAMPA",
            "data": "Sotto sezione condizioni version changed",
            "versionDetailLevel0ID": 2
        },
        {
            "itemTypeKey": "FIELD",
            "itemTypeValue": "STILE",
            "data": "32",
            "versionDetailLevel0ID": 42
        }
    ],
    "itemChildren": [
        {
            "itemID": "198",
            "itemOrder": 1,
            "itemsVersionsID": "198",
            "name": "Condizioni economiche1",
            "description": "Subsection estratto contod"
        },
        {
            "itemID": "199",
            "itemOrder": 2,
            "itemsVersionsID": "199",
            "name": "Condizioni economiche2",
            "description": "Subsection estratto contod2"
        }
    ]
}