[
    {
      "itemTypeKey": "DOCUMENT_TYPE",
      "itemTypeValue": "RICHIESTA REVIEW",
      "itemID": "1",
      "itemUser": "nome.cognome@ing.com",
      "dateAndTime": "31/01/21 09:43",
      "itemsVersionsID": "1",
      "versionDetailL0": [
        {
            "itemTypeKey": "FIELD",
            "itemTypeValue": "MODIFICHE EFFETTUATE",
            "data": "MODULO STANDARD PER LE INFORMAZIONI DA FORNIRE AI DEPOSITANTI"
        },
        {
            "itemTypeKey": "FIELD",
            "itemTypeValue": "CARICA ALLEGATI DA ASSOCIARE",
            "data": "http://test.pdf"
        },
        {
            "itemTypeKey": "FIELD",
            "itemTypeValue": "AGGIUNGI REVISORI",
            "data": "Compliance"
        },
        {
            "itemTypeKey": "FIELD",
            "itemTypeValue": "AGGIUNGI REVISORI",
            "data": "Brand"
        },
        {
            "itemTypeKey": "FIELD",
            "itemTypeValue": "AGGIUNGI REVISORI",
            "data": "MARIO ROSSI"
        },
        {
            "itemTypeKey": "FIELD",
            "itemTypeValue": "AGGIUNGI REVISORI",
            "data": "BIANCA NERI"
        }
      ]
    },
    {
        "itemTypeKey": "DOCUMENT_TYPE",
        "itemTypeValue": "RICHIESTA REVIEW",
        "itemID": "2",
        "itemUser": "nome.cognome1@ing.com",
        "dateAndTime": "31/01/21 09:43",
        "itemsVersionsID": "2",
        "versionDetailL0": [
          {
              "itemTypeKey": "FIELD",
              "itemTypeValue": "MODIFICHE EFFETTUATE",
              "data": "MODULO STANDARD PER LE INFORMAZIONI DA FORNIRE AI DEPOSITANTI"
          },
          {
              "itemTypeKey": "FIELD",
              "itemTypeValue": "CARICA ALLEGATI DA ASSOCIARE",
              "data": "http://test.pdf"
          },
          {
              "itemTypeKey": "FIELD",
              "itemTypeValue": "AGGIUNGI REVISORI",
              "data": "Compliance"
          },
          {
              "itemTypeKey": "FIELD",
              "itemTypeValue": "AGGIUNGI REVISORI",
              "data": "MARIO ROSSI"
          },
          {
              "itemTypeKey": "FIELD",
              "itemTypeValue": "AGGIUNGI REVISORI",
              "data": "BIANCA NERI"
          }
        ]
      }
]