[
    {
        "itemTypeKey": "DOCUMENT_TYPE",
        "itemTypeValue": "INSERIMENTO REVIEW",
        "itemID": "1",
        "itemUser": "nome.cognome@ing.com",
        "dateAndTime": "31/01/21 09:43",
        "itemsVersionsID": "1",
        "revisore": "Compliance",
        "reviewOutcome": "0",
        "versionDetailL0": [
            {
                "itemTypeKey": "FIELD",
                "itemTypeValue": "NOTE SULLA REVIEW EFFETTUATA",
                "data": "MODULO STANDARD PER LE INFORMAZIONI DA FORNIRE AI DEPOSITANTI"
            },
            {
                "itemTypeKey": "FIELD",
                "itemTypeValue": "CARICA ALLEGATI DA ASSOCIARE",
                "data": "http://test.pdf"
            }
        ]
    },
    {
        "itemTypeKey": "DOCUMENT_TYPE",
        "itemTypeValue": "INSERIMENTO REVIEW",
        "itemID": "2",
        "itemUser": "nome.cognome@ing.com",
        "dateAndTime": "31/01/21 09:43",
        "itemsVersionsID": "2",
        "revisore": "Brand",
        "reviewOutcome": "1",
        "versionDetailL0": [
            {
                "itemTypeKey": "FIELD",
                "itemTypeValue": "NOTE SULLA REVIEW EFFETTUATA",
                "data": "MODULO STANDARD PER LE INFORMAZIONI DA FORNIRE"
            },
            {
                "itemTypeKey": "FIELD",
                "itemTypeValue": "CARICA ALLEGATI DA ASSOCIARE",
                "data": "http://test1.pdf"
            }
        ]
    }
]