{"itemsList" : [
    {
        "itemID": "765",
        "itemsVersionsID": "765",
        "name": "Nota sulla riga",
        "id": "765",
        "validity": "2023-01-02",
        "versionNumber": 2,        
        "versionDetailL0": [
            {
                "itemTypeKey": "FIELD",
                "itemTypeValue": "DESCRIZIONE_IN_STAMPA",
                "data": "Descrizione nota sulla riga",
                "versionDetailLevel0ID": 25
            }
        ]
    },
    {
        "itemID": "798",
        "itemsVersionsID": "798",
        "name": "Nota sulla riga",
        "id": "798",
        "validity": "2023-01-02",
        "versionNumber": 3,        
        "versionDetailL0": [
            {
                "itemTypeKey": "FIELD",
                "itemTypeValue": "DESCRIZIONE_IN_STAMPA",
                "data": "Descrizione nota sulla riga",
                "versionDetailLevel0ID": 25
            }
        ]
    },
    {
        "itemID": "122",
        "itemsVersionsID": "122",
        "name": "Nota sulla riga",
        "id": "122",
        "validity": "2023-01-02",
        "versionNumber": 2,        
        "versionDetailL0": [
            {
                "itemTypeKey": "FIELD",
                "itemTypeValue": "DESCRIZIONE_IN_STAMPA",
                "data": "Descrizione nota sulla riga",
                "versionDetailLevel0ID": 25
            }
        ]
    },
    {
        "itemID": "123",
        "itemsVersionsID": "123",
        "name": "Nota sulla riga",
        "id": "123",
        "validity": "2023-01-02",
        "versionNumber": 5,        
        "versionDetailL0": [
            {
                "itemTypeKey": "FIELD",
                "itemTypeValue": "DESCRIZIONE_IN_STAMPA",
                "data": "Descrizione nota sulla riga",
                "versionDetailLevel0ID": 25
            }
        ]
    }
]
}