{"itemChildren" :[
    {   "itemID": "765",
        "itemTypeKey": "DOCUMENT_TYPE",
        "itemTypeValue": "NOTA",
        "name": "Nota sulla riga",
        "itemsVersionsID": "765",
        "validity": "2023-01-02",
        "versionNumber": 4,
        "versionDetailL0": [
            {
                "itemTypeKey": "FIELD",
                "itemTypeValue": "DESCRIZIONE_IN_STAMPA",
                "data": "Descrizione nota sulla riga",
                "versionDetailLevel0ID": 25
            }
        ]
    },
    {   "itemID": "798",
        "itemTypeKey": "DOCUMENT_TYPE",
        "itemTypeValue": "NOTA",
        "name": "Nota sulla riga",
        "itemsVersionsID": "798",
        "validity": "2023-01-02",
        "versionNumber": 3,
        "versionDetailL0": [
            {
                "itemTypeKey": "FIELD",
                "itemTypeValue": "DESCRIZIONE_IN_STAMPA",
                "data": "Descrizione nota sulla riga",
                "versionDetailLevel0ID": 25
            }
        ]
    }
]
}