{"itemsList" : [
    {
        "itemID": "1",
        "itemsVersionsID": "1",
        "name": "CONDIZIONI ECONOMICHE DDS CCA Q4",
        "validity": "2023-01-02",
        "versionNumber": 15,
        "versionDetailL0": [
            {
                "itemTypeKey": "FIELD",
                "itemTypeValue": "DESCRIZIONE_IN_STAMPA",
                "data": "Condizioni economiche",
                "versionDetailLevel0ID": 2
            },
            {
                "itemTypeKey": "FIELD",
                "itemTypeValue": "STILE",
                "data": "style 2",
                "versionDetailLevel0ID": 2
            }
        ],
        "itemChildren": [
            {
                "itemID": "40",
                "itemOrder": 1,
                "itemsVersionsID": "40",
                "name": "Subsection condizioni economiche Q4"
            },
            {
                "itemID": "41",
                "itemOrder": 2,
                "itemsVersionsID": "41",
                "name": "Subsection estratto conto"
            }
        ]
    },
    {
        "itemID": "2",
        "itemsVersionsID": "2",
        "name": "ESTRATTO CONTO DI CONTO CORRENTE ANNUALE",
        "validity": "2023-01-02",
        "versionNumber": 14,        
        "versionDetailL0": [
            {
                "itemTypeKey": "FIELD",
                "itemTypeValue": "DESCRIZIONE_IN_STAMPA",
                "data": "Altre condizioni economiche",
                "versionDetailLevel0ID": 2
            },
            {
                "itemTypeKey": "FIELD",
                "itemTypeValue": "STILE",
                "data": "style 1",
                "versionDetailLevel0ID": 1
            }
        ],
        "itemChildren": [
            {
                "itemOrder": 1,
                "itemID": "50",
                "itemsVersionsID": "50",
                "name": "Subsection condizioni economiche Q45"
            },
            {
                "itemOrder": 2,
                "itemID": "51",
                "itemsVersionsID": "51",
                "name": "Subsection estratto conto1"
            }
        ]
    },
    {
        "itemID": "3",
        "itemsVersionsID": "3",
        "name": "CONDIZIONI ECONOMICHE SERVIZI DDS CCA Q4",
        "validity": "2023-01-02",
        "versionNumber": 13,        
        "versionDetailL0": [
            {
                "itemTypeKey": "FIELD",
                "itemTypeValue": "DESCRIZIONE_IN_STAMPA",
                "data": "Note SERVIZI DDS CCA Q4",
                "versionDetailLevel0ID": 2
            },
            {
                "itemTypeKey": "FIELD",
                "itemTypeValue": "STILE",
                "data": "style 1",
                "versionDetailLevel0ID": 1
            }
        ],
        "itemChildren": []
    },
    {
        "itemID": "4",
        "itemsVersionsID": "4",
        "name": "NOTE DDS CCA Q4",
        "validity": "2023-01-02",
        "versionNumber": 12,        
        "versionDetailL0": [
            {
                "itemTypeKey": "FIELD",
                "itemTypeValue": "DESCRIZIONE_IN_STAMPA",
                "data": "Altre condizioni economiche",
                "versionDetailLevel0ID": 2
            },
            {
                "itemTypeKey": "FIELD",
                "itemTypeValue": "STILE",
                "data": "style 1",
                "versionDetailLevel0ID": 1
            }
        ],
        "itemChildren": []
    },
    {
        "itemID": "5",
        "itemsVersionsID": "5",
        "name": "MODULO STANDARD DDS CCA Q4",
        "validity": "2023-01-02",
        "versionNumber": 15,        
        "versionDetailL0": [
            {
                "itemTypeKey": "FIELD",
                "itemTypeValue": "DESCRIZIONE_IN_STAMPA",
                "data": "Modulo standard"
            },
            {
                "itemTypeKey": "FIELD",
                "itemTypeValue": "STILE",
                "data": "style 1",
                "versionDetailLevel0ID": 1
            }
        ],
        "itemChildren": [
            {
                "itemOrder": 1,
                "itemID": "60",
                "itemsVersionsID": "60",
                "name": "Subsection condizioni economiche Q46"
            },
            {
                "itemOrder": 2,
                "itemID": "61",
                "itemsVersionsID": "61",
                "name": "Subsection estratto conto2"
            }
        ]
    },
    {
        "itemID": "6",
        "itemsVersionsID": "6",
        "name": "NOTE MODULO DDS CCA Q4",
        "validity": "2023-01-02",
        "versionNumber": 12,        
        "versionDetailL0": [
            {
                "itemTypeKey": "FIELD",
                "itemTypeValue": "DESCRIZIONE_IN_STAMPA",
                "data": "Note condizioni economiche"
            },
            {
                "itemTypeKey": "FIELD",
                "itemTypeValue": "STILE",
                "data": "style 1",
                "versionDetailLevel0ID": 1
            }
        ],
        "itemChildren": []
    },
    {
        "itemID": "7",
        "itemsVersionsID": "7",
        "name": "MODULO STANDARD DDS CCA Q4",
        "validity": "2023-01-02",
        "versionNumber": 10,        
        "versionDetailL0": [
            {
                "itemTypeKey": "FIELD",
                "itemTypeValue": "DESCRIZIONE_IN_STAMPA",
                "data": "Modulo standard per le informazioni da fornire ai depositari"
            },
            {
                "itemTypeKey": "FIELD",
                "itemTypeValue": "STILE",
                "data": "style 1",
                "versionDetailLevel0ID": 1
            }
        ],
        "itemChildren": []
    },
    {
        "itemID": "8",
        "itemsVersionsID": "8",
        "name": "ALTRE CONDIZIONI ECONOMICHE DDS CCA Q4",
        "validity": "2023-01-02",
        "versionNumber": 8,        
        "versionDetailL0": [
            {
                "itemTypeKey": "FIELD",
                "itemTypeValue": "DESCRIZIONE_IN_STAMPA",
                "data": "ALTRE CONDIZIONI ECONOMICHE DDS CCA Q4"
            },
            {
                "itemTypeKey": "FIELD",
                "itemTypeValue": "STILE",
                "data": "style 1",
                "versionDetailLevel0ID": 1
            }
        ],
        "itemChildren": []
    },
    {
        "itemID": "50",
        "itemsVersionsID": "50",
        "name": "CONDIZIONI ECONOMICHE DDS CCA Q4 LAST",
        "validity": "2023-01-02",
        "versionNumber": 7,        
        "versionDetailL0": [
            {
                "itemTypeKey": "FIELD",
                "itemTypeValue": "DESCRIZIONE_IN_STAMPA",
                "data": "Condizioni economiche Last Row"
            },
            {
                "itemTypeKey": "FIELD",
                "itemTypeValue": "STILE",
                "data": "style 1",
                "versionDetailLevel0ID": 1
            }
        ],
        "itemChildren": [
            {
                "itemOrder": 1,
                "itemID": "90",
                "itemsVersionsID": "90",
                "name": "Subsection condizioni economiche Q47"
            },
            {
                "itemOrder": 2,
                "itemID": "91",
                "itemsVersionsID": "91",
                "name": "Subsection estratto conto3"
            }
        ]
    },
    {
        "itemID": "51",
        "itemsVersionsID": "51",
        "name": "ESTRATTO CONTO DI CONTO CORRENTE ANNUALE",
        "validity": "2023-01-02",
        "versionNumber": 11,        
        "versionDetailL0": [
            {
                "itemTypeKey": "FIELD",
                "itemTypeValue": "DESCRIZIONE_IN_STAMPA",
                "data": "Altre condizioni economiche Last Row"
            },
            {
                "itemTypeKey": "FIELD",
                "itemTypeValue": "STILE",
                "data": "style 1",
                "versionDetailLevel0ID": 1
            }
        ],
        "itemChildren": [
            {
                "itemOrder": 1,
                "itemID": "100",
                "itemsVersionsID": "100",
                "name": "Subsection condizioni economiche Q4"
            },
            {
                "itemOrder": 2,
                "itemID": "101",
                "itemsVersionsID": "101",
                "name": "Subsection estratto conto"
            }
        ]
    }
]
}