{"itemChildren" :[
    {
        "itemID": "1",
        "itemTypeKey": "DOCUMENT_TYPE",
        "itemTypeValue": "SEZIONE",
        "name": "CONDIZIONI ECONOMICHE DDS CCA Q4",
        "itemsVersionsID": "1",
        "validity": "2023-01-02",
        "versionNumber": 4,
        "versionDetailL0": [
            {
                "itemTypeKey": "FIELD",
                "itemTypeValue": "DESCRIZIONE_IN_STAMPA",
                "data": "Condizioni economiche",
                "versionDetailLevel0ID": 2
            },
            {
                "itemTypeKey": "FIELD",
                "itemTypeValue": "STILE",
                "data": "style 2",
                "versionDetailLevel0ID": 2
            }
        ],
        "itemChildren": [
            {
                "itemOrder": 1,
                "itemsVersionsID": "40"
            },
            {
                "itemOrder": 2,
                "itemsVersionsID": "41"
            }
        ]
    },
    {   "itemID": "2",
        "itemTypeKey": "DOCUMENT_TYPE",
        "itemTypeValue": "SEZIONE",
        "name": "ESTRATTO CONTO DI CONTO CORRENTE ANNUALE",
        "itemsVersionsID": "2",
        "validity": "2023-01-02",
        "versionNumber": 2,
        "versionDetailL0": [
            {
                "itemTypeKey": "FIELD",
                "itemTypeValue": "DESCRIZIONE_IN_STAMPA",
                "data": "Altre condizioni economiche",
                "versionDetailLevel0ID": 2
            },
            {
                "itemTypeKey": "FIELD",
                "itemTypeValue": "STILE",
                "data": "style 1",
                "versionDetailLevel0ID": 1
            }
        ],
        "itemChildren": [
            {
                "itemOrder": 1,
                "itemsVersionsID": "50"
            },
            {
                "itemOrder": 2,
                "itemsVersionsID": "51"
            }
        ]
    },
    {   "itemID": "3",
        "itemTypeKey": "DOCUMENT_TYPE",
        "itemTypeValue": "SEZIONE",
        "name": "CONDIZIONI ECONOMICHE SERVIZI DDS CCA Q4",
        "itemsVersionsID": "3",
        "validity": "2023-01-02",
        "versionNumber": 1,
        "versionDetailL0": [
            {
                "itemTypeKey": "FIELD",
                "itemTypeValue": "DESCRIZIONE_IN_STAMPA",
                "data": "Note SERVIZI DDS CCA Q4"
            },
            {
                "itemTypeKey": "FIELD",
                "itemTypeValue": "STILE",
                "data": "style 1",
                "versionDetailLevel0ID": 1
            }
        ],
        "itemChildren": []
    },
    {   "itemID": "4",
        "itemTypeKey": "DOCUMENT_TYPE",
        "itemTypeValue": "SEZIONE",
        "name": "NOTE DDS CCA Q4",
        "itemsVersionsID": "4",
        "validity": "2023-01-02",
        "versionNumber": 5,
        "versionDetailL0": [
            {
                "itemTypeKey": "FIELD",
                "itemTypeValue": "DESCRIZIONE_IN_STAMPA",
                "data": "Altre condizioni economiche"
            },
            {
                "itemTypeKey": "FIELD",
                "itemTypeValue": "STILE",
                "data": "style 1",
                "versionDetailLevel0ID": 1
            }
        ],
        "itemChildren": []
    }
]
}