    {
        "itemID": "1",
        "itemsVersionsID": "98",
        "name": "CONDIZIONI ECONOMICHE DDS CCA Q4",
        "validity": "2024-01-01",
        "versionNumber": 1,
        "versionDetailL0": [
            {
                "itemTypeKey": "FIELD",
                "itemTypeValue": "DESCRIZIONE_IN_STAMPA",
                "data": "Condizioni economiche version changed",
                "versionDetailLevel0ID": 2
            },
            {
                "itemTypeKey": "FIELD",
                "itemTypeValue": "STILE",
                "data": "32",
                "versionDetailLevel0ID": 32
            }
        ],
        "itemChildren": [
            {
                "itemID": "40",
                "itemOrder": 1,
                "itemsVersionsID": "40",
                "name": "Subsection condizioni economiche Q4",
                "description": "Subsection condizioni economiche Q4d",
                "validity": "2024-01-01"
            },
            {
                "itemID": "41",
                "itemOrder": 2,
                "itemsVersionsID": "41",
                "name": "Subsection estratto conto",
                "description": "Subsection estratto contod",
                "validity": "2024-01-01"
            }
        ]
    }