{
    "itemsVersionsList" : [
    {
        "itemsVersionsID": 1,
        "versionID": 98,
        "versionNumber": 15,
        "hasParentDocuments": true,
        "status": "APPROVATO",
        "validity": "2023-01-01"
    },
    {
        "itemsVersionsID": 98,
        "versionID": 1,
        "versionNumber": 1,
        "hasParentDocuments": true,
        "status": "APPROVATO",
        "validity": "2022-10-25"
    },
    {
        "itemsVersionsID": 7,
        "versionID": 7,
        "versionNumber": 4,
        "status": "APPROVATO",
        "validity": "2024-01-01"
    }
]
}