{"itemsList" : [
    {
        "itemTypeKey": "DOCUMENT_TYPE",
        "itemTypeValue": "DOCUMENTO",
        "name": "DOCUMENTO DI SINTESI ANNUALE",
        "validity": "2023-01-02",
        "id": "1",
        "itemsVersionsID": "1",
        "itemID": "1",
        "versionNumber": 1,
        "versionDetailL0": [
            {
                "itemTypeKey": "FIELD",
                "itemTypeValue": "LOOKUP_DATA_ID_STATUS",
                "data": "24",
                "versionDetailLevel0ID": 24
            },
            {
                "itemTypeKey": "FIELD",
                "itemTypeValue": "LOOKUP_DATA_ID_PRODUCT",
                "data": "21",
                "versionDetailLevel0ID": 2
            },
            {
                "itemTypeKey": "FIELD",
                "itemTypeValue": "CODICE",
                "data": "WDS",
                "versionDetailLevel0ID": 9
            },
            {
                "itemTypeKey": "FIELD",
                "itemTypeValue": "LOOKUP_DATA_ID_PRODUCT_TYPE",
                "data": "28",
                "versionDetailLevel0ID": 1
            },
            {
                "itemTypeKey": "FIELD",
                "itemTypeValue": "JASPER_TEMPLATE_FILE",
                "data": "test.xslx",
                "versionDetailLevel0ID": 31
            },
            {
                "itemTypeKey": "VERSION_DETAIL_LEVEL_1",
                "itemTypeValue": "TESTFILE_ALLEGATO",
                "data": "1",
                "versionDetailL1": [
                    {
                        "itemTypeKey": "DETTAGLIO_ALLEGATO",
                        "itemTypeValue": "FILENAME",
                        "data": "test.xslx"
                    },
                    {
                        "itemTypeKey": "DETTAGLIO_ALLEGATO",
                        "itemTypeValue": "FILESIZE",
                        "data": 250
                    }
            ],
            "versionDetailLevel0ID": 38
            }
        ],
        "itemChildren": []
    },
    {
        "itemTypeKey": "DOCUMENT_TYPE",
        "itemTypeValue": "DOCUMENTO",
        "name": "ESTRATTO CONTO DI CONTO CORRENTE ANNUALE",
        "validity": "2023-01-02",
        "id": "3",
        "itemsVersionsID": "3",
        "itemID": "4",
        "versionNumber": 3,        
        "versionDetailL0": [
            {
                "itemTypeKey": "FIELD",
                "itemTypeValue": "LOOKUP_DATA_ID_STATUS",
                "data": "26",
                "versionDetailLevel0ID": 26
            },
            {
                "itemTypeKey": "FIELD",
                "itemTypeValue": "LOOKUP_DATA_ID_PRODUCT",
                "data": "22",
                "versionDetailLevel0ID": 1
            },
            {
                "itemTypeKey": "FIELD",
                "itemTypeValue": "CODICE",
                "data": "ECQX",
                "versionDetailLevel0ID": 10
            },
            {
                "itemTypeKey": "FIELD",
                "itemTypeValue": "LOOKUP_DATA_ID_PRODUCT_TYPE",
                "data": "29",
                "versionDetailLevel0ID": 1
            },
            {
                "itemTypeKey": "FIELD",
                "itemTypeValue": "JASPER_TEMPLATE_FILE",
                "data": "test.xslx",
                "versionDetailLevel0ID": 45
            },
            {
                "itemTypeKey": "VERSION_DETAIL_LEVEL_1",
                "itemTypeValue": "TESTFILE_ALLEGATO",
                "data": "5",
                "versionDetailL1": [
                    {
                        "itemTypeKey": "DETTAGLIO_ALLEGATO",
                        "itemTypeValue": "FILENAME",
                        "data": "test.xslx"
                    },
                    {
                        "itemTypeKey": "DETTAGLIO_ALLEGATO",
                        "itemTypeValue": "FILESIZE",
                        "data": 250
                    }
            ],
            "versionDetailLevel0ID": 41
            }
        ],
        "itemChildren": []
    },
    {
        "itemTypeKey": "DOCUMENT_TYPE",
        "itemTypeValue": "DOCUMENTO",
        "name": "DOCUMENTO DI SINTESI DI CHIUSURA DI CONTO CORRENTE",
        "validity": "2022-10-26",
        "id": "4",
        "itemsVersionsID": "4",
        "itemID": "4",
        "versionNumber": 1,        
        "versionDetailL0": [
            {
                "itemTypeKey": "FIELD",
                "itemTypeValue": "LOOKUP_DATA_ID_STATUS",
                "data": "25",
                "versionDetailLevel0ID": 25
            },
            {
                "itemTypeKey": "FIELD",
                "itemTypeValue": "LOOKUP_DATA_ID_PRODUCT",
                "data": "23",
                "versionDetailLevel0ID": 1
            },
            {
                "itemTypeKey": "FIELD",
                "itemTypeValue": "CODICE",
                "data": "DDSCL",
                "versionDetailLevel0ID": 25
            },
            {
                "itemTypeKey": "FIELD",
                "itemTypeValue": "LOOKUP_DATA_ID_PRODUCT_TYPE",
                "data": "30",
                "versionDetailLevel0ID": 1
            },
            {
                "itemTypeKey": "FIELD",
                "itemTypeValue": "JASPER_TEMPLATE_FILE",
                "data": "test.xslx",
                "versionDetailLevel0ID": 34
            },
            {
                "itemTypeKey": "VERSION_DETAIL_LEVEL_1",
                "itemTypeValue": "TESTFILE_ALLEGATO",
                "data": "2",
                "versionDetailL1": [
                    {
                        "itemTypeKey": "DETTAGLIO_ALLEGATO",
                        "itemTypeValue": "FILENAME",
                        "data": "test.xslx"
                    },
                    {
                        "itemTypeKey": "DETTAGLIO_ALLEGATO",
                        "itemTypeValue": "FILESIZE",
                        "data": 250
                    }
            ],
            "versionDetailLevel0ID": 39
            }
        ],
        "itemChildren": []
    },
    {
        "itemTypeKey": "DOCUMENT_TYPE",
        "itemTypeValue": "DOCUMENTO",
        "name": "DOCUMENTO DI RIEPILOGO DELLE SPESE DI CHIUSURA DI CONTO CORRENTE",
        "validity": "2023-01-02",
        "id": "5",
        "itemsVersionsID": "5",
        "itemID": "5",
        "versionNumber": 6,        
        "versionDetailL0": [
            {
                "itemTypeKey": "FIELD",
                "itemTypeValue": "LOOKUP_DATA_ID_STATUS",
                "data": "APPROVATO",
                "versionDetailLevel0ID": 1
            },
            {
                "itemTypeKey": "FIELD",
                "itemTypeValue": "LOOKUP_DATA_ID_PRODUCT",
                "data": "CCA",
                "versionDetailLevel0ID": 1
            },
            {
                "itemTypeKey": "FIELD",
                "itemTypeValue": "CODICE",
                "data": "SOFCL",
                "versionDetailLevel0ID": 25
            },
            {
                "itemTypeKey": "FIELD",
                "itemTypeValue": "LOOKUP_DATA_ID_PRODUCT_TYPE",
                "data": "SOF",
                "versionDetailLevel0ID": 1
            }
        ],
        "itemChildren": []
    },
    {
        "itemTypeKey": "DOCUMENT_TYPE",
        "itemTypeValue": "DOCUMENTO",
        "name": "ESTRATTO CONTO DI CONTO CORRENTE ANNUALE",
        "validity": "2023-01-02",
        "id": "6",
        "itemsVersionsID": "6",
        "itemID": "6",
        "versionNumber": 2,        
        "versionDetailL0": [
            {
                "itemTypeKey": "FIELD",
                "itemTypeValue": "LOOKUP_DATA_ID_STATUS",
                "data": "IN REVISIONE",
                "versionDetailLevel0ID": 1
            },
            {
                "itemTypeKey": "FIELD",
                "itemTypeValue": "LOOKUP_DATA_ID_PRODUCT",
                "data": "CCA",
                "versionDetailLevel0ID": 1
            },
            {
                "itemTypeKey": "FIELD",
                "itemTypeValue": "CODICE",
                "data": "ECQX",
                "versionDetailLevel0ID": 25
            },
            {
                "itemTypeKey": "FIELD",
                "itemTypeValue": "LOOKUP_DATA_ID_PRODUCT_TYPE",
                "data": "EC",
                "versionDetailLevel0ID": 1
            }
        ],
        "itemChildren": []
    },
    {
        "itemTypeKey": "DOCUMENT_TYPE",
        "itemTypeValue": "DOCUMENTO",
        "name": "ESTRATTO MENSILE DI CARTA DI CREDITO",
        "validity": "2023-01-02",
        "id": "7",
        "itemsVersionsID": "7",
        "itemID": "7",
        "versionNumber": 12,        
        "versionDetailL0": [
            {
                "itemTypeKey": "FIELD",
                "itemTypeValue": "LOOKUP_DATA_ID_STATUS",
                "data": "APPROVATO",
                "versionDetailLevel0ID": 1
            },
            {
                "itemTypeKey": "FIELD",
                "itemTypeValue": "LOOKUP_DATA_ID_PRODUCT",
                "data": "CDC",
                "versionDetailLevel0ID": 1
            },
            {
                "itemTypeKey": "FIELD",
                "itemTypeValue": "CODICE",
                "data": "ECMX"
            },
            {
                "itemTypeKey": "FIELD",
                "itemTypeValue": "LOOKUP_DATA_ID_PRODUCT_TYPE",
                "data": "EC",
                "versionDetailLevel0ID": 1
            }
        ],
        "itemChildren": []
    },
    {
        "itemTypeKey": "DOCUMENT_TYPE",
        "itemTypeValue": "DOCUMENTO",
        "name": "DOCUMENTO DI SINTESI PERIODICO E DI CHIUSURA CARTA DI DEBITO",
        "validity": "2023-01-02",
        "id": "8",
        "itemsVersionsID": "8",
        "itemID": "8",
        "versionNumber": 13,        
        "versionDetailL0": [
            {
                "itemTypeKey": "FIELD",
                "itemTypeValue": "LOOKUP_DATA_ID_STATUS",
                "data": "APPROVATO",
                "versionDetailLevel0ID": 1
            },
            {
                "itemTypeKey": "FIELD",
                "itemTypeValue": "LOOKUP_DATA_ID_PRODUCT",
                "data": "CDC",
                "versionDetailLevel0ID": 1
            },
            {
                "itemTypeKey": "FIELD",
                "itemTypeValue": "CODICE",
                "data": "DDSACL"
            },
            {
                "itemTypeKey": "FIELD",
                "itemTypeValue": "LOOKUP_DATA_ID_PRODUCT_TYPE",
                "data": "DDS",
                "versionDetailLevel0ID": 1
            }
        ],
        "itemChildren": []
    },
    {
        "itemTypeKey": "DOCUMENT_TYPE",
        "itemTypeValue": "DOCUMENTO",
        "name": "ESTRATTO CONTO ANNUALE DI CARTA PREPAGATA",
        "validity": "2023-01-02",
        "id": "9",
        "itemsVersionsID": "9",
        "itemID": "9",
        "versionNumber": 20,        
        "versionDetailL0": [
            {
                "itemTypeKey": "FIELD",
                "itemTypeValue": "LOOKUP_DATA_ID_STATUS",
                "data": "IN SVILUPPO",
                "versionDetailLevel0ID": 2
            },
            {
                "itemTypeKey": "FIELD",
                "itemTypeValue": "LOOKUP_DATA_ID_PRODUCT",
                "data": "CP",
                "versionDetailLevel0ID": 2
            },
            {
                "itemTypeKey": "FIELD",
                "itemTypeValue": "CODICE",
                "data": "EC"
            },
            {
                "itemTypeKey": "FIELD",
                "itemTypeValue": "LOOKUP_DATA_ID_PRODUCT_TYPE",
                "data": "EC",
                "versionDetailLevel0ID": 2
            }
        ],
        "itemChildren": []
    }
]
}