{"itemChildren" :[
    {
        "itemID": 699,
        "itemsVersionsID": 717,
        "name": "REVISIONE DEL 24/11/2022, 14:56:03",
        "validity": "2022-11-24",
        "versionDetailL0": [
            {
                "versionDetailLevel0ID": 1883,
                "itemTypeKey": "FIELD",
                "itemTypeValue": "DESCRIZIONE_REVISIONE",
                "data": "Request Review Test"
            },
            {
                "versionDetailLevel0ID": 1884,
                "itemTypeKey": "VERSION_DETAIL_LEVEL_1",
                "itemTypeValue": "REVISORI",
                "data": "1",
                "versionDetailL1": [
                    {
                        "versionDetailLevel1ID": 36865,
                        "itemTypeKey": "FIELD",
                        "itemTypeValue": "REVISORE",
                        "data": "francis.edward.ext@ing.com"
                    }
                ]
            }
        ],
        "itemChildren": [
            {
                "itemID": 863,
                "itemsVersionsID": 879,
                "itemOrder": 1,
                "name": "REVISIONE DEL 06/12/2022, 22:57:00",
                "versionNumber": 1,
                "validity": "2022-12-06",
                "description": "DOC DVS05 DA MODIFICARE PER CANONE CDC. DA CANONE CDC A CANONE CDC MASTERCARD"
            },
            {
                "itemID": 864,
                "itemsVersionsID": 880,
                "itemOrder": 2,
                "name": "REVISIONE DEL 05/12/2022, 22:57:10",
                "versionNumber": 1,
                "validity": "2022-12-06",
                "description": "DOC DVS07 RETTIFICA CANONE CCA DA 6,5 € S 6 €"
            },
            {
                "itemID": 865,
                "itemsVersionsID": 881,
                "itemOrder": 3,
                "name": "REVISIONE DEL 04/12/2022, 18:55:10",
                "versionNumber": 1,
                "validity": "2022-12-06",
                "description": "TUTTO PERFETTO, BRAVA GIULIA!"
            }
        ]
    }
]
}