{
    "itemTypeKey": "DOCUMENT_TYPE",
    "itemTypeValue": "DOCUMENTO",
    "name": "DOCUMENTO DI SINTESI ANNUALE",
    "validity": "2023-01-02",
    "id": "100",
    "itemsVersionsID": "100",
    "itemID": "1",
    "versionNumber": 4,
    "versionDetailL0": [
        {
            "itemTypeKey": "FIELD",
            "itemTypeValue": "LOOKUP_DATA_ID_STATUS",
            "data": "24",
            "versionDetailLevel0ID": 25
        },
        {
            "itemTypeKey": "FIELD",
            "itemTypeValue": "LOOKUP_DATA_ID_PRODUCT",
            "data": "22",
            "versionDetailLevel0ID": 22
        },
        {
            "itemTypeKey": "FIELD",
            "itemTypeValue": "CODICE",
            "data": "WDS",
            "versionDetailLevel0ID": 25
        },
        {
            "itemTypeKey": "FIELD",
            "itemTypeValue": "LOOKUP_DATA_ID_PRODUCT_TYPE",
            "data": "29",
            "versionDetailLevel0ID": 29
        },
        {
            "itemTypeKey": "FIELD",
            "itemTypeValue": "JASPER_TEMPLATE_FILE",
            "data": "test.xslx",
            "versionDetailLevel0ID": 31
        },
        {
            "itemTypeKey": "VERSION_DETAIL_LEVEL_1",
            "itemTypeValue": "TESTFILE_ALLEGATO",
            "data": "1",
            "versionDetailL1": [
                {
                    "itemTypeKey": "DETTAGLIO_ALLEGATO",
                    "itemTypeValue": "FILENAME",
                    "data": "test.xslx"
                },
                {
                    "itemTypeKey": "DETTAGLIO_ALLEGATO",
                    "itemTypeValue": "FILESIZE",
                    "data": 250
                }
        ],
        "versionDetailLevel0ID": 38
        }
    ],
    "itemChildren": []
}