{"lookupList" : [
    {
        "lookupDataID": 21,
        "ldKey": "PRODUCT",
        "ldValue":"CA"
    },
    {
        "lookupDataID": 22,
        "ldKey": "PRODUCT",
        "ldValue":"CCA"
    }
    ,
    {
        "lookupDataID": 23,
        "ldKey": "PRODUCT",
        "ldValue":"CDC"
    },
    {
        "lookupDataID": 24,
        "ldKey": "STATUS",
        "ldValue":"IN SVILUPPO"
    },
    {
        "lookupDataID": 25,
        "ldKey": "STATUS",
        "ldValue":"APPROVATO"
    },
    {
        "lookupDataID": 26,
        "ldKey": "STATUS",
        "ldValue":"IN REVISIONE"
    },
    {
        "lookupDataID": 27,
        "ldKey": "STATUS",
        "ldValue":"DISMESSO"
    },
    {
        "lookupDataID": 28,
        "ldKey": "TYPE",
        "ldValue":"DDS"
    },
    {
        "lookupDataID": 29,
        "ldKey": "TYPE",
        "ldValue":"EC"
    },
    {
        "lookupDataID": 30,
        "ldKey": "TYPE",
        "ldValue":"SOF"
    },
    {
        "lookupDataID": 31,
        "ldKey": "STILE",
        "ldValue":"Style1"
    },
    {
        "lookupDataID": 32,
        "ldKey": "STILE",
        "ldValue":"Style2"
    },
    {
        "lookupDataID": 33,
        "ldKey": "DOCUMENT_TYPE",
        "ldValue":"RIGA"
    },
    {
        "lookupDataID": 34,
        "ldKey": "DOCUMENT_TYPE",
        "ldValue":"SEZIONE"
    },
    {
        "lookupDataID": 35,
        "ldKey": "DOCUMENT_TYPE",
        "ldValue":"SOTTOSEZIONE"
    },
    {
        "lookupDataID": 36,
        "ldKey": "DOCUMENT_TYPE",
        "ldValue":"NOTA"
    },
    {
        "lookupDataID": 37,
        "ldKey": "NUMERO_CAMPO_FILE_INDICE",
        "ldValue":"5"
    },
    {
        "lookupDataID": 38,
        "ldKey": "NUMERO_CAMPO_FILE_INDICE",
        "ldValue":"10"
    },
    {
        "lookupDataID": 39,
        "ldKey": "NUMERO_CAMPO_FILE_INDICE",
        "ldValue":"15"
    },
    {
        "lookupDataID": 40,
        "ldKey": "NUMERO_CAMPO_FILE_INDICE",
        "ldValue":"20"
    },
    {
        "lookupDataID": 41,
        "ldKey": "RULE_CONDITION_OPERATOR",
        "ldValue":"="
    },
    {
        "lookupDataID": 42,
        "ldKey": "RULE_CONDITION_OPERATOR",
        "ldValue":"<="
    },
    {
        "lookupDataID": 43,
        "ldKey": "RULE_CONDITION_OPERATOR",
        "ldValue":">="
    },
    {
        "lookupDataID": 44,
        "ldKey": "RULE_CONDITION_OPERATOR",
        "ldValue":"!="
    },
    {
        "lookupDataID": 45,
        "ldKey": "ASSOCIATO_A_RIGA",
        "ldValue":"1"
    },
    {
        "lookupDataID": 46,
        "ldKey": "ASSOCIATO_A_RIGA",
        "ldValue":"2"
    },
    {
        "lookupDataID": 47,
        "ldKey": "DOCUMENT_TYPE",
        "ldValue":"DOCUMENTO"
    },
    {
        "lookupDataID": 48,
        "ldKey": "REVIEW_REQUEST_EMAIL_SUBJECT",
        "ldValue":"Test"
    },
    {
        "lookupDataID": 49,
        "ldKey": "DOCUMENT_TYPE",
        "ldValue":"REGOLA"
    },
    {
        "lookupDataID": 50,
        "ldKey": "DOCUMENT_TYPE",
        "ldValue":"undefined"
    }
]
}