{"itemsVersionsParentDocumentsList" : [
    {
        "itemTypeKey": "DOCUMENT_TYPE",
        "itemTypeValue": "DOCUMENTO",
        "name": "DOCUMENTO DI SINTESI ANNUALE",
        "validity": "2023-01-02",
        "id": "1",
        "itemsVersionsID": "1",
        "itemID": "1",
        "versionNumber": 2,
        "product": "1",
        "product_type": "1",
        "status": "1",
        "code": "343"
    },
    {
        "itemTypeKey": "DOCUMENT_TYPE",
        "itemTypeValue": "DOCUMENTO",
        "name": "DOCUMENTO DI SINTESI ANNUALE",
        "validity": "2023-01-02",
        "id": "1",
        "itemsVersionsID": "2",
        "itemID": "1",
        "versionNumber": 2,
        "product": "1",
        "product_type": "1",
        "status": "1",
        "code": "343"
    },
    {
        "itemTypeKey": "DOCUMENT_TYPE",
        "itemTypeValue": "DOCUMENTO",
        "name": "DOCUMENTO DI SINTESI ANNUALE",
        "validity": "2023-01-02",
        "id": "1",
        "itemsVersionsID": "3",
        "itemID": "1",
        "versionNumber": 2,
        "product": "1",
        "product_type": "1",
        "status": "1",
        "code": "343"
    },
    {
        "itemTypeKey": "DOCUMENT_TYPE",
        "itemTypeValue": "DOCUMENTO",
        "name": "DOCUMENTO DI SINTESI ANNUALE",
        "validity": "2023-01-02",
        "id": "1",
        "itemsVersionsID": "4",
        "itemID": "1",
        "versionNumber": 2,
        "product": "1",
        "product_type": "1",
        "status": "1",
        "code": "343"
    }]
}