{"itemID":172,"itemsVersionsID":174,"name":"Documento vuoto","validity":"2022-10-28","versionDetailL0":[{"versionDetailLevel0ID":336,"itemTypeKey":"FIELD","itemTypeValue":"LOOKUP_DATA_ID_PRODUCT_TYPE","data":"20"},{"versionDetailLevel0ID":1001,"itemTypeKey":"VERSION_DETAIL_LEVEL_1","itemTypeValue":"ANTEPRIMA_ALLEGATO","data":"87398475-34534534-345345-56700","versionDetailL1":[{"versionDetailLevel1ID":1204,"itemTypeKey":"DETTAGLIO_ALLEGATO","itemTypeValue":"VERSIONE_DOCUMENTO","data":"WDS1_03_20221231"},{"versionDetailLevel1ID":1203,"itemTypeKey":"DETTAGLIO_ALLEGATO","itemTypeValue":"FILESIZE","data":"17834"},{"versionDetailLevel1ID":1202,"itemTypeKey":"DETTAGLIO_ALLEGATO","itemTypeValue":"FILENAME","data":"DDS_CCA_4564564564_1234.pdf"}]},{"versionDetailLevel0ID":1468,"itemTypeKey":"VERSION_DETAIL_LEVEL_1","itemTypeValue":"ANTEPRIMA_ALLEGATO","data":"87398475-345345341455587-95500","versionDetailL1":[{"versionDetailLevel1ID":2143,"itemTypeKey":"DETTAGLIO_ALLEGATO","itemTypeValue":"FILESIZE","data":"1704"},{"versionDetailLevel1ID":2142,"itemTypeKey":"DETTAGLIO_ALLEGATO","itemTypeValue":"FILENAME","data":"DDS_CCA_456758765.pdf"},{"versionDetailLevel1ID":2144,"itemTypeKey":"DETTAGLIO_ALLEGATO","itemTypeValue":"VERSIONE_DOCUMENTO","data":"WDS2_05_20221231"}]},{"versionDetailLevel0ID":764,"itemTypeKey":"VERSION_DETAIL_LEVEL_1","itemTypeValue":"ANTEPRIMA_ALLEGATO","data":"87398475-34534534-345345-56700","versionDetailL1":[{"versionDetailLevel1ID":797,"itemTypeKey":"DETTAGLIO_ALLEGATO","itemTypeValue":"FILESIZE","data":"17834"},{"versionDetailLevel1ID":796,"itemTypeKey":"DETTAGLIO_ALLEGATO","itemTypeValue":"FILENAME","data":"DDS_CCA_4564564564_1234.pdf"},{"versionDetailLevel1ID":959,"itemTypeKey":"DETTAGLIO_ALLEGATO","itemTypeValue":"VERSIONE_DOCUMENTO","data":"WDS1_03_20221231"}]},{"versionDetailLevel0ID":333,"itemTypeKey":"FIELD","itemTypeValue":"LOOKUP_DATA_ID_STATUS","data":"6"},{"versionDetailLevel0ID":334,"itemTypeKey":"FIELD","itemTypeValue":"LOOKUP_DATA_ID_PRODUCT","data":"13"},{"versionDetailLevel0ID":335,"itemTypeKey":"FIELD","itemTypeValue":"CODICE","data":"dds"}],"itemChildren":[]}